train_loss,val_loss
1.593281659435996,1.1980562059740936
1.2882873814205649,1.0499611429404467
1.1349722239365532,0.9463047117793134
1.0254392015972322,1.028101387566713
0.9254680594351514,0.7488046543252754
0.8313217839244095,0.8753294092603028
0.7479058246903865,0.6575119750211472
0.6754187081883575,0.6160337865284029
0.5989667093926304,0.5867818057484848
0.5295803352855026,0.5409317330231715
